{
	"apartment":[
    {
        "cost": 1000000,
        "location": "Центр",
        "rooms": 1,
        "square": 100.19999694824219
    },
    {
        "cost": 1000000,
        "location": "Окраина",
        "rooms": 2,
        "square": 50.20000076293945
    },
    {
        "cost": 1000000,
        "location": "Окраина",
        "rooms": 3,
        "square": 10.199999809265137
    },
    {
        "cost": 3000000,
        "location": "Окраина",
        "rooms": 3,
        "square": 80
    }
]
}